email,password
test1@daum.net,Test!@34
test2@naver.com,Test!@34
test3@naver.com,Test!@34
test4@naver.com,Test!@34
test5@daum.net,Test!@34
test6@naver.com,Test!@34
test7@daum.net,Test!@34
O1TINKndmX5e-v5u1iVZujRFC1oirtA3@naver.com,Test!@34
test9@gmail.com,Test!@34
test10@gmail.com,Test!@34
test11@gmail.com,Test!@34
test12@gmail.com,Test!@34
test13@naver.com,Test!@34
test14@naver.com,Test!@34
test15@daum.net,Test!@34
_6SiQaCE-dxx-3qZtsu5_xEHGk5gCgRr@naver.com,Test!@34
test17@daum.net,Test!@34
test18@gmail.com,Test!@34
test19@gmail.com,Test!@34
test20@naver.com,Test!@34
test21@gmail.com,Test!@34
test22@gmail.com,Test!@34
test23@daum.net,Test!@34
J5YKp1RseARgSbA_A_77s7GEhpVkgFca@naver.com,Test!@34
test25@daum.net,Test!@34
test26@gmail.com,Test!@34
test27@gmail.com,Test!@34
test28@gmail.com,Test!@34
test29@daum.net,Test!@34
test30@gmail.com,Test!@34
test31@gmail.com,Test!@34
gc61038uyQyy9NxdZh65W6nRe_gcWtbU@naver.com,Test!@34
test33@naver.com,Test!@34
test34@naver.com,Test!@34
test35@gmail.com,Test!@34
test36@daum.net,Test!@34
test37@gmail.com,Test!@34
test38@naver.com,Test!@34
test39@naver.com,Test!@34
5amGuhVmghzy1UGEOHWl5ExwZJc-ChTY@naver.com,Test!@34
test41@daum.net,Test!@34
test42@daum.net,Test!@34
test43@naver.com,Test!@34
test44@daum.net,Test!@34
test45@daum.net,Test!@34
test46@naver.com,Test!@34
test47@daum.net,Test!@34
kKSF-cLXgIIbrMlNN2HRY07FBEuJ_SoC@naver.com,Test!@34
test49@daum.net,Test!@34
test50@gmail.com,Test!@34
test51@daum.net,Test!@34
test52@daum.net,Test!@34
test53@naver.com,Test!@34
test54@naver.com,Test!@34
test55@naver.com,Test!@34
k6UrSnsu6Dg7W7vDaMMBOzVVw3P8V1vp@naver.com,Test!@34
test57@gmail.com,Test!@34
test58@naver.com,Test!@34
test59@daum.net,Test!@34
test60@naver.com,Test!@34
test61@daum.net,Test!@34
test62@gmail.com,Test!@34
test63@naver.com,Test!@34
f09p7iW9XoiXpHnmPAEpfdQBIxITkBTF@naver.com,Test!@34
test65@gmail.com,Test!@34
test66@gmail.com,Test!@34
test67@naver.com,Test!@34
test68@gmail.com,Test!@34
test69@daum.net,Test!@34
test70@gmail.com,Test!@34
test71@daum.net,Test!@34
FtUNui1YdD5s-jDhlj2j43DWN-vl5P8J@naver.com,Test!@34
test73@naver.com,Test!@34
test74@daum.net,Test!@34
test75@naver.com,Test!@34
test76@naver.com,Test!@34
test77@daum.net,Test!@34
test78@gmail.com,Test!@34
test79@naver.com,Test!@34
wlryLrXHgxZVatBvKEEJ5cUwPJfNaff7@naver.com,Test!@34
test81@gmail.com,Test!@34
test82@naver.com,Test!@34
test83@daum.net,Test!@34
test84@daum.net,Test!@34
test85@gmail.com,Test!@34
test86@daum.net,Test!@34
test87@naver.com,Test!@34
umE-N6JrtNt7FB_Ob501jpgIYD98hfBE@naver.com,Test!@34
test89@daum.net,Test!@34
test90@naver.com,Test!@34
test91@daum.net,Test!@34
test92@gmail.com,Test!@34
test93@daum.net,Test!@34
test94@daum.net,Test!@34
test95@naver.com,Test!@34
8s9V6gziSR_99AgH9aIF-GO8tVzNIoPA@naver.com,Test!@34
test97@naver.com,Test!@34
test98@naver.com,Test!@34
test99@gmail.com,Test!@34
test100@naver.com,Test!@34
